{"cameraMode":{"drawMode":0,"name":"Shaded","section":"Shading Mode"},"sceneLighting":true,"audioPlay":false,"sceneViewState":{"m_AlwaysRefresh":false,"showFog":true,"showSkybox":true,"showFlares":true,"showImageEffects":true,"showParticleSystems":true,"showVisualEffectGraphs":true,"m_FxEnabled":true},"in2DMode":false,"pivot":{"x":-7.770101070404053,"y":-1.8784894943237305,"z":0.2744189500808716},"rotation":{"x":-0.08332236111164093,"y":0.9000914692878723,"z":-0.19779309630393983,"w":-0.37917351722717287},"size":7.998656272888184,"orthographic":false}